batch0-kathie-demilt-238,mercedes
batch0-alejandrina-misasi-520,norman
batch0-theron-singh-848,superstage
batch0-oren-leshinsky-471,watson
batch0-forest-skipper-419,teresa
batch0-lory-frantz-572,porsche9
batch0-scot-dech-574,letmein
batch0-domonique-myracle-275,signature
batch0-audie-kulon-978,sparky
batch0-laurel-cassiano-452,harmony
batch0-benjamin-maroudas-854,squires
batch0-delphia-sapko-737,theatre
batch0-bobby-molle-71,atmosphere
batch0-leon-niblock-98,kirkland
batch0-raymundo-chairez-715,scarlet
batch0-shellie-incomstanti-969,runner
batch0-marcelo-servan-182,protel
batch0-taylor-rehkop-450,a1b2c3d4
batch0-emmanuel-stephanie-77,happening
batch0-tennie-asquith-347,supported
batch0-tricia-matey-525,a1b2c3d4
batch0-lawanna-barkett-468,psalms
batch0-burt-heenan-657,danielle
batch0-felipe-wahoske-421,urchin
batch0-oscar-maka-194,voodoo
batch0-kayleen-routledge-207,alpine
batch0-claudio-hrdlicka-173,desperate
batch0-rigoberto-gutches-926,mookie
batch0-clemente-cienega-69,sophie
batch0-phung-gholar-126,cascades
batch0-johnna-stapel-608,avatar
batch0-geoffrey-baublitz-138,lennon
batch0-caleb-marabella-761,skater
batch0-rodrigo-abt-758,beaner
batch0-adan-saglimbeni-787,hernandez
batch0-rashad-gonyo-465,robotics
batch0-dagmar-creegan-391,whitney
batch0-stacey-lubman-756,chevy1
batch0-sherrill-farnes-784,maverick
batch0-daryl-lovelock-825,orchid
batch0-doretta-ruozzo-826,douglas
batch0-darrell-kame-24,teresa
batch0-joannie-fenstermaker-229,weenie
batch0-graham-gleeson-340,mouse1
batch0-vanda-corrington-882,volleyb
batch0-carita-thrune-991,myself
batch0-zachery-kropfelder-837,winnie
batch0-wayne-lazott-139,1p2o3i
batch0-lanny-dobiesz-246,vermont
batch0-ava-sarisky-802,justice
batch0-tessie-cianciulli-524,cayuga
batch0-grant-matte-802,badboy
batch0-nicolas-dajani-454,export
batch0-ross-koterba-382,fender
batch0-regina-stahle-705,basket
batch0-randell-gjelten-44,sanchez
batch0-janise-hammacher-932,justin1
batch0-alycia-karatz-893,christ
batch0-burl-raike-625,kathleen
batch0-jackson-fullmer-493,strider
batch0-debi-policastro-392,griffin
batch0-federico-severa-152,research
batch0-benedict-fredrickson-24,foxtrot
batch0-gennie-kounlavong-778,maverick
batch0-briana-phaup-440,houston
batch0-willie-jobst-22,emerald
batch0-dannielle-chavira-881,indigo
batch0-norbert-golab-312,wombat
batch0-tiffaney-zirk-6,vermont
batch0-athena-booser-311,shadow1
batch0-yessenia-lovisone-188,cerulean
batch0-becky-shehorn-155,answer
batch0-estelle-babula-888,crawford
batch0-jacquelin-shuck-335,chicken
batch0-adan-tartaglino-674,america
batch0-gilbert-feavel-743,charlott
batch0-randy-carlise-675,pyramid
batch0-adeline-gelvin-813,classic
batch0-reed-waye-201,gonzales
batch0-clay-yeakle-854,pondering
batch0-larita-lauffer-120,squires
batch0-martin-kleekamp-220,avatar
batch0-sammy-toombs-597,brewster
batch0-yoshiko-damiani-558,berliner
batch0-dacia-karwowski-789,xcountry
batch0-mira-filbey-18,zhongguo
batch0-libbie-ebner-375,philip
batch0-erasmo-grazier-247,flower
batch0-billy-standafer-797,pentium
batch0-wilmer-caccavale-620,support
batch0-ricky-krawiec-483,chipper
batch0-lili-ramaker-685,juggle
batch0-johnny-calin-444,remote
batch0-william-minatra-142,barbie
batch0-arlie-pasternak-354,aikman
batch0-wade-blaustein-383,aggies
batch0-beau-riefer-120,redskin
batch0-antone-henzel-295,egghead
batch0-michel-locklear-633,couscous
batch0-jean-ehrismann-43,magnum
batch0-araceli-upshur-33,evelyn
batch0-audrea-mersch-18,dreams
batch0-ellen-osvaldo-909,disney
batch0-mariana-orona-261,racoon
batch0-eustolia-mclachlan-608,bamboo
batch0-toby-grantham-39,computer
batch0-franklin-hanegan-853,griffey
batch0-erick-jentzen-186,nugget
batch0-ardelia-coones-862,webster
batch0-garret-helser-537,herbert
batch0-marty-hardemon-370,bluebird
batch0-criselda-batley-440,goblue
batch0-shanta-diep-516,firebird
batch0-agueda-colar-340,zimmerman
batch0-rozella-jurden-580,wrangler
batch0-raquel-dilcher-130,arthur
batch0-danita-opher-89,maggie
batch0-taryn-thistle-260,special
batch0-claribel-krenzer-828,bigman
batch0-jess-tutterow-613,kleenex
batch0-ray-gast-688,paladin
batch0-rolland-brodnex-799,pamela
batch0-rhona-chernoff-930,lucky1
batch0-fredric-coleson-865,catalog
batch0-vida-bertaina-913,mittens
batch0-mable-teodoro-861,nimrod
batch0-jeanette-tagaca-314,osiris
batch0-jeffery-heckard-644,michael.
batch0-sparkle-vonseeger-256,happy1
batch0-myles-langolf-248,cannonda
batch0-keenan-lueder-697,imbroglio
batch0-reynaldo-toodle-759,mouse1
batch0-eun-chocron-933,hal9000
batch0-christopher-muray-811,cassie
batch0-francene-belgrade-327,gemini
batch0-edward-mcanaw-627,soccer1
batch0-sid-wentworth-366,target
batch0-matilde-cly-509,wonder
batch0-grover-lesnick-561,fuckoff
batch0-hugh-garcon-878,science
batch0-scott-luthe-755,memphis
batch0-horacio-dubicki-246,badger
batch0-jefferey-walke-353,piglet
batch0-lenny-hambley-658,doctor
batch0-golda-echaure-947,martin
batch0-penelope-morales-933,popcorn
batch0-hassie-karle-666,rachmaninoff
batch0-kit-whidbee-277,caroline
batch0-taunya-sanes-1,fugazi
batch0-tammy-karp-535,chris1
batch0-mindi-giboney-740,bird33
batch0-fermin-sisti-704,subway
batch0-carma-doxey-928,netware
batch0-irwin-petgrave-694,sniper
batch0-terica-depippo-617,easter
batch0-boyd-poyer-138,carolina
batch0-maisha-konty-334,justin1
batch0-ambrose-krallis-297,sampler
batch0-daron-jacoby-175,minnie
batch0-eliz-schau-433,ssssss
batch0-thelma-kastl-458,michell
batch0-wm-riesenweber-458,before
batch0-shelia-avanzato-977,million
batch0-adalberto-calderin-336,hockey
batch0-ernest-michaelsen-701,cookie
batch0-madalyn-plecker-183,peoria
batch0-jae-pajerski-106,hector
batch0-onita-bundschuh-535,vision
batch0-gabriella-oplinger-82,hunter
batch0-juliana-caillier-335,arizona
batch0-jodi-civale-331,bigbird
batch0-angelique-lohry-193,ne1469
batch0-raleigh-rohde-470,snowman
batch0-azzie-mehrtens-45,fucker
batch0-dave-prothro-599,rambo1
batch0-tayna-heyde-63,dustin
batch0-brian-engel-993,peaches
batch0-andres-kolenda-607,sundance
batch0-ozella-birdo-663,krystal
batch0-dylan-lees-810,jensen
batch0-raleigh-welliver-743,cynthia
batch0-whitney-estill-885,cynthia
batch0-lacy-heiney-384,sheffield
batch0-arielle-lanosa-842,kristin
batch0-ruben-tircuit-222,edwards
batch0-graham-fulenwider-427,medical
batch0-enoch-hjalmarson-987,rhonda
batch0-margeret-haskamp-696,leonard
batch0-jonathan-nutile-663,ingres
batch0-kacy-novelli-373,chiquita
batch0-marvel-vanfleet-25,hawkeye
batch0-cole-cofone-939,asdfjkl;
batch0-marylin-baile-6,python
batch0-erik-gress-717,attila
batch0-ernest-bermudez-110,tardis
batch0-minta-berkheimer-582,ferrari
batch0-amado-fitzen-818,caesar
batch0-lionel-marchesano-805,jennifer
batch0-birdie-wears-378,qwerty
batch0-louie-venturi-371,plymouth
batch0-romeo-berne-416,racerx
batch0-jong-jasko-536,redwing
batch0-kena-hoellwarth-49,squirt
batch0-modesto-klyn-572,dorothy
batch0-michel-salser-307,fravia
batch0-shanda-footer-787,horizon
batch0-leon-reardon-909,stargate
batch0-babara-borreggine-309,stargate
batch0-tommie-pye-258,zapata
batch0-edmund-bowdich-228,spider
batch0-queen-waddy-332,buffalo
batch0-melba-orzell-801,lazarus
batch0-annamaria-drovin-871,promethe
batch0-stephaine-gembler-321,ariadne
batch0-elyse-gilger-415,tester
batch0-tu-gunselman-135,jewels
batch0-janine-ree-870,genesis
batch0-giovanni-phibbs-140,raiders
batch0-elliot-barrington-319,engineer
batch0-lakenya-dewer-262,success
batch0-marline-teano-651,service
batch0-edison-shollenbarger-907,benson
batch0-gaylord-gerton-728,bulldog
batch0-stefan-zema-735,lucky1
batch0-rickey-grochow-580,scarlett
batch0-birgit-elofson-712,xanadu
batch0-lakisha-whitelightnin-646,mariposa
batch0-debi-swingen-315,apache
batch0-justa-merren-580,aylmer
batch0-irma-husk-266,piglet
batch0-dino-blood-960,cougars
batch0-edmund-chanthaumlsa-111,spring
batch0-bethanie-shackford-108,because
batch0-norman-greif-576,snowbal
batch0-daryl-yarman-47,puckett
batch0-ivan-harms-803,racerx
batch0-debbie-kilbride-950,howard
batch0-lionel-andy-67,alexis
batch0-lemuel-salter-101,111111
batch0-frederic-venneman-224,foxtrot
batch0-hilton-deniz-94,louise
batch0-emanuel-gebrayel-871,julie1
batch0-bryan-tungate-523,stealth
batch0-isa-mattice-765,kimberly
batch0-jean-widger-116,fozzie
batch0-karen-grosso-532,macintosh
batch0-gilbert-poffenroth-534,1sanjose
batch0-kirstin-sartorelli-995,tootsie
batch0-rocky-rosi-350,elephant
batch0-alden-damour-801,sampson
batch0-caryl-hengel-775,rebecca
batch0-chi-tincher-702,chester1
batch0-kanisha-sharlin-369,boomer
batch0-beau-eredia-968,wilson
batch0-charlie-uk-907,1p2o3i
batch0-carmine-meuler-701,lizard
batch0-neville-macha-668,snowbal
batch0-kenneth-gersch-935,malcolm
batch0-guadalupe-mumaw-598,webster
batch0-claudia-sondag-17,jackson
batch0-agnes-sudbury-744,herbert
batch0-walker-gingell-541,loveyou
batch0-doug-moncure-644,guitar
batch0-laurence-lipstone-94,ronald
batch0-benjamin-huysman-225,gandalf
batch0-seth-vanvleck-400,martin
batch0-florentino-goeden-346,hector
batch0-aliza-sans-162,savage
batch0-chance-langloss-115,energy
batch0-percy-broas-592,rodman
batch0-myron-carnicelli-258,etoile
batch0-vaughn-munis-399,sparrow
batch0-lindsay-drawe-729,nellie
batch0-shemeka-thames-137,maryjane
batch0-blythe-leonhard-752,diamond
batch0-adolph-rauch-607,000000
batch0-deirdre-terhark-389,harris
batch0-eli-nan-830,sunshine
batch0-valencia-fritzgerald-148,genesis
batch0-peter-nonroe-68,basketba
batch0-timmy-strowbridge-667,griffey
batch0-mamie-lundberg-956,electric
batch0-nicholas-buswell-891,internet
batch0-elliot-kozicki-836,raider
batch0-alison-maniace-378,christopher
batch0-maurice-coache-100,justice
batch0-cleora-ladyman-36,trivial
batch0-zaida-kronstedt-20,serenity
batch0-kennith-heimerdinger-0,teddy1
batch0-kendrick-luecht-508,griffin
batch0-brady-tafreshi-955,garden
batch0-crysta-zuckerman-229,computer
batch0-wen-fadden-639,handily
batch0-everette-darnley-391,donald
batch0-lavette-fishburne-995,cougars
batch0-bell-lege-50,abc123
batch0-marcus-gabbert-407,shadow1
batch0-charley-daddea-238,packer
batch0-keith-stuteville-275,scruffy
batch0-magdalen-donnel-924,millie
batch0-russ-teigen-327,stewart
batch0-alfredo-parilla-760,copper
batch0-mi-wanders-643,alyssa
batch0-ramiro-tarella-764,spencer
batch0-mollie-stoffer-773,gordon
batch0-myung-ralat-727,bubba1
batch0-guadalupe-lindner-761,qwaszx
batch0-hai-fortin-285,kelsey
batch0-craig-rutz-414,blowfish
batch0-deedra-beggs-488,vision
batch0-cathi-meras-117,elizabeth
batch0-renee-delauder-844,peterson
batch0-keesha-heck-357,suzanne
batch0-larissa-gaumond-679,digger
batch0-lorinda-isbill-790,snatch
batch0-palmer-dighton-648,bigdog
batch0-ilona-textor-576,medical
batch0-johnna-lindo-73,chance
batch0-wilber-nampel-600,reader
batch0-mana-brosey-959,bright
batch0-randolph-brozovich-746,arizona
batch0-andreas-stadt-36,gonzales
batch0-octavio-corvelli-408,hibernia
batch0-toccara-luong-365,daytek
batch0-tilda-mcgannon-502,mariposa
batch0-samara-delgato-66,pretty
batch0-lorie-cruden-923,pirate
batch0-clayton-cowans-472,valhalla
batch0-garth-duffer-727,hootie
batch0-tashia-kreese-548,judith
batch0-winter-polanski-391,dragon
batch0-celinda-odham-340,blowme
batch0-chauncey-kotheimer-602,rosebud
batch0-darrell-riddick-237,wisdom
batch0-brittany-kenley-785,knights
batch0-marty-prabhakaran-62,1234qwer
batch0-sonja-whitner-372,krystal
batch0-lawrence-russin-133,hatton
batch0-cecil-wendorf-352,francois
batch0-gaynelle-register-725,123123
batch0-loura-bearce-148,californ
batch0-lavern-estella-384,jasmine
batch0-jordan-distin-391,sarah1
batch0-glen-decos-661,animals
batch0-treva-depoyster-562,panther
batch0-graham-jave-319,victoria
batch0-laurence-manzano-708,aliases
batch0-mai-saniatan-937,kimberly
batch0-collette-tondre-328,evelyn
batch0-jesica-angolo-168,cookie
batch0-cameron-kapper-555,little
batch0-nisha-melone-303,mailer
batch0-owen-matley-395,peaches
batch0-frances-teffeteller-423,maverick
batch0-odis-westerbeck-97,lakota
batch0-alane-polek-795,newyork
batch0-jayme-luquette-258,raider
batch0-seymour-zumbo-792,spitfire
batch0-kirby-legoff-214,impala
batch0-chas-talvy-971,cayuga
batch0-jackie-brumlow-672,stacey
batch0-kristen-yearego-31,nemesis
batch0-emiko-calender-475,torres
batch0-anthony-spurr-670,utopia
batch0-greta-till-910,buster
batch0-eugenio-slomski-74,timber
batch0-dwight-pyrdum-596,sports
batch0-anisha-evangelo-498,nirvana
batch0-colin-akinyooye-431,666666
batch0-lala-ocallahan-460,fuckoff
batch0-dionne-kenderdine-624,charlie
batch0-rudy-dennig-639,vikings
batch0-rufus-acree-418,entropy
batch0-allen-reesor-482,church
batch0-amado-prechtel-139,edinburgh
batch0-santiago-larence-680,watson
batch0-jesus-skagerberg-464,julie1
batch0-connie-frymier-655,duckie
batch0-alonzo-jestes-687,leland
batch0-cody-stmary-70,hearts
batch0-harriette-klouda-928,imagine
batch0-ignacio-hubbel-221,edwina
batch0-annita-boydstun-584,trixie
batch0-tommy-archuleta-652,campbell
batch0-elli-bezenek-618,brewster
batch0-lester-terell-618,beauty
batch0-jesus-palenzuela-419,foobar
batch0-johnie-cinnamond-80,smashing
batch0-carlie-margarita-839,bacchus
batch0-brittny-brogdon-485,develop
batch0-abram-schutjer-75,bridges
batch0-del-gehret-325,colleen
batch0-fredric-frankforter-990,scooter
batch0-darcy-parsons-206,crawford
batch0-lady-cameron-272,center
batch0-blythe-neumaier-149,global
batch0-luann-mosimann-196,patricia
batch0-james-molle-262,bacchus
batch0-jamal-lella-271,charlie
batch0-lori-rail-649,travel
batch0-pamelia-hallmark-660,sunday
batch0-toby-loperena-440,dreamer
batch0-edgar-stabley-666,carter
batch0-joan-waskow-547,champs
batch0-jestine-tetzloff-164,blizzard
batch0-yvone-schmig-604,eagles
batch0-kevin-lagana-440,calvin
batch0-deeanna-melgaard-65,richard
batch0-clelia-stoutenger-631,hornets
batch0-dillon-liederbach-861,lionking
batch0-claudia-cotilla-877,wildcat
batch0-andrea-jaskolski-152,amanda
batch0-bella-satcher-661,catherine
batch0-mauro-mannschreck-448,captain
batch0-yong-pion-119,vanilla
batch0-keith-valli-108,harold
batch0-alta-venturelli-612,travis
batch0-cedrick-scarlato-410,elephant
batch0-rusty-karimi-128,viper1
batch0-lecia-imperato-871,flowers
batch0-huey-vasallo-965,stuttgart
batch0-oliver-eckmann-650,mikael
batch0-fausto-sandmann-732,kinder
batch0-twyla-pelikan-927,beloved
batch0-hubert-caporiccio-317,france
batch0-ned-landes-997,robert1
batch0-jon-thury-492,frances
batch0-domonique-ciano-674,digital1
batch0-roslyn-mcinerny-694,jeremy
batch0-anton-hochstine-654,classic
batch0-arvilla-rattan-571,mayday
batch0-verlie-benedicto-639,hunting
batch0-kimberly-cooperwood-415,alexande
batch0-enrique-brookshaw-621,monkey
batch0-carrol-gossman-364,guntis
batch0-leigha-troff-933,elwood
batch0-walter-thorsen-352,kombat
batch0-tom-kaylo-56,freak1
batch0-danial-wedell-461,support
batch0-vern-cannizzo-615,ashley
batch0-glynda-monrreal-663,bandit
batch0-alexandra-schwarten-917,1p2o3i
batch0-reynaldo-leeson-631,francis
batch0-wilfred-mcfield-601,mikael
batch0-buddy-ramaker-150,scuba1
batch0-manda-gaviria-615,cancer
batch0-quinn-minderman-817,fisher
batch0-jodi-from-923,legend
batch0-otelia-athayde-522,cayuga
batch0-les-kinlaw-537,temporal
batch0-isreal-manvelyan-274,zachary
batch0-miguel-klonowski-205,burgess
batch0-my-langseth-135,rebecca
batch0-amira-lauden-685,walleye
batch0-delbert-needels-447,together
batch0-claudette-nied-390,bacchus
batch0-adrianne-dauteuil-844,public
batch0-ariane-lantieri-773,warriors
batch0-delena-stjohn-36,darwin
batch0-lyndon-roediger-373,1234qwer
batch0-jerry-bellen-482,tintin
batch0-sang-shelby-450,salmon
batch0-joshua-trattner-633,cheese
batch0-shanti-dimick-717,island
batch0-dolly-terazes-206,casper
batch0-keneth-burgdorf-933,gilles
batch0-claire-haslip-80,samuel
batch0-bert-florenz-974,andrew
batch0-carey-kemmler-667,zachary
batch0-evalyn-asplund-756,prelude
batch0-heide-smutnick-152,jeanne
batch0-jerrold-toepel-356,iceman
batch0-edwina-bedient-986,random
batch0-jeremy-skarphol-707,696969
batch0-ginny-hulsman-561,sparrows
batch0-erasmo-monaham-286,olivia
batch0-jarred-falker-25,corwin
batch0-ivory-buelow-640,memory
batch0-torie-signore-657,marvin
batch0-don-lucks-765,christine
batch0-malia-clock-115,jeanette
batch0-randa-beisel-54,ne1469
batch0-tommie-mcgeady-490,caitlin
batch0-lore-mikles-554,nascar
batch0-bessie-halsey-910,answer
batch0-perry-stapelton-52,player
batch0-jesusita-mattox-869,elaine
batch0-thresa-reisling-995,barbara
batch0-dean-ebel-66,raleigh
batch0-yuki-franpton-167,creative
batch0-margert-cunnigham-753,casper
batch0-emmett-shaklee-920,sheffield
batch0-nicholas-volpi-657,sailor
batch0-chauncey-hontz-128,teresa
batch0-porsche-amarante-775,skinny
batch0-eveline-enock-135,speedo
batch0-grace-beavin-951,salmon
batch0-julio-tubergen-358,valhalla
batch0-elijah-peroddy-941,jasmin
batch0-lowell-stuckmeyer-842,friend
